age,bmi,charges,gender,region
62,26,27809,female,east
53,23,23245,female,east
28,24,17663,male,east
27,25,16578,female,east
59,30,30185,male,east
56,20,22413,male,east
61,30,30942,female,east
29,28,19108,female,east
34,25,18972,male,east
42,23,19965,female,east
48,24,21224,male,east
18,25,15518,male,east
35,28,20984,male,east
42,25,19516,male,east
40,22,19444,female,east
63,28,29523,female,east
18,17,12829,male,east
20,27,17085,female,east
52,24,24870,male,east
40,20,17180,male,east
40,28,22332,female,east
47,25,21979,male,east
53,23,24873,female,east
20,22,14712,female,northwest
45,23,21099,male,northwest
20,28,17560,male,northwest
30,29,20746,male,northwest
42,27,21349,female,northwest
19,29,17353,male,northwest
52,27,24394,male,northwest
23,28,18034,female,northwest
63,27,28950,female,northwest
56,27,26109,male,northwest
61,28,28869,male,northwest
49,26,23807,male,northwest
19,28,17469,female,northwest
59,24,25679,female,northwest
19,29,17749,female,northwest
27,29,18311,male,northwest
25,24,15818,male,northwest
64,27,29331,female,northwest
43,27,21774,female,northwest
34,28,20010,male,northwest
51,25,23967,male,northwest
27,20,16420,female,northwest
30,23,17362,male,northwest
19,28,16885,female,southwest
48,28,23568,male,southwest
38,19,15821,male,southwest
19,28,17081,female,southwest
19,28,16298,male,southwest
19,22,13845,female,southwest
36,23,18608,female,southwest
42,30,22144,male,southwest
54,25,25382,male,southwest
21,26,17942,male,southwest
39,28,21082,male,southwest
49,26,23307,male,southwest
33,27,19041,male,southwest
30,24,18259,male,southwest
50,28,24520,female,southwest
32,25,17496,female,southwest
25,30,19933,male,southwest
31,26,19200,male,southwest
47,30,25309,male,southwest
39,18,19023,female,southwest
43,27,22479,female,southwest
20,22,20167,female,southwest
